{
    "pools": [
        {
            "rolls": 1,
            "entries": [
                {
                    "type": "item",
                    "name": "minecraft:cookie",
                    "functions": [
                        {
                            "function": "minecraft:set_components",
                            "components": {
                                "minecraft:item_name": "{ 'translate': 'item.jmmf.sugar_cookie', 'italic': false }",
                                "minecraft:item_model": "jmmf:cookie/sugar_cookie",
                                "minecraft:custom_data": {
                                    "smithed": {
                                        "id": "jmmf:sugar_cookie"
                                    },
                                    "joshmats": {
                                        "tag": ["cookie"]
                                    }
                                }
                            }
                        }
                    ]
                }
            ]
        }
    ]
}
