{   
    "parent": "jmmf:story/letsgetcooking",
    "display": {
        "icon":{
            "id": "minecraft:cookie",
            "components": {"item_model":"jmmf:tea/green_tea"}
        },
        "title": {
          "translate": "advancements.jmmf.teatime.title"
        },
        "description": {
          "translate": "advancements.jmmf.teatime.description"
        },
        "hidden": false
    },
    "criteria": {
        "get_tea": {
          "trigger": "minecraft:inventory_changed",
          "conditions": {
            "items": [
              {"predicates":{"minecraft:custom_data":{"joshmats":{"tag":["tea"]}}}}
            ]
          }
        }
      }
    
}