{
    "pools": [
        {
            "rolls": 1,
            "entries": [
                {
                    "type": "item",
                    "name": "minecraft:suspicious_stew",
                    "functions": [
                        {
                            "function": "minecraft:set_components",
                            "components": {
                                "minecraft:item_name": "{ 'translate': 'item.jmmf.chocolate_ice_cream', 'italic': false }",
                                "minecraft:item_model": "jmmf:ice_cream/chocolate_ice_cream",
                                "minecraft:custom_data": {
                                    "smithed": {
                                        "id": "jmmf:chocolate_ice_cream"
                                    },
                                    "joshmats": {
                                        "tag": ["ice_cream"]
                                    }
                                },
                                "minecraft:food": {
                                    "nutrition": 6,
                                    "saturation": 6
                                },
                                "minecraft:consumable": {
                                    "on_consume_effects": [
                                        {
                                            "type": "apply_effects",
                                            "effects": [
                                                {
                                                    "id": "minecraft:slowness",
                                                    "duration": 1200
                                                },
                                                {
                                                    "id": "minecraft:weakness",
                                                    "duration": 1200
                                                }
                                            ]
                                        }
                                    ]
                                },
                                "minecraft:max_stack_size": 16
                            }
                        }
                    ]
                }
            ]
        }
    ]
}
