{
  "type": "crafting_shapeless",
  "ingredients": [
    "minecraft:egg",
    "minecraft:sweet_berries",
    "minecraft:sweet_berries",
    "minecraft:sugar"
  ],
  "result": {
    "id": "minecraft:pumpkin_pie",
    "components": {
      "minecraft:item_name": "{ 'translate': 'item.jmmf.sweet_berry_pie', 'italic': false }",
      "minecraft:item_model": "jmmf:pie/sweet_berry_pie",
      "minecraft:custom_data": {
        "smithed": {
          "id": "jmmf:sweet_berry_pie"
        }
      }
    }
  }
}