{
  "type": "minecraft:crafting_shaped",
  "pattern": [
    "WS"
  ],
  "key": {
    "W": "minecraft:wheat",
    "S": "minecraft:sugar"
  },
  "result": {
    "id": "minecraft:cookie",
    "components": {
      "minecraft:item_name": "{ 'translate': 'item.jmmf.sugar_cookie', 'italic': false }",
      "minecraft:item_model": "jmmf:cookie/sugar_cookie",
      "minecraft:custom_data": {
        "smithed": {
          "id": "jmmf:sugar_cookie"
        },
        "joshmats": {
          "tag": ["cookie"]
        }
      }
    },
    "count": 3
  }
}