{
  "type": "minecraft:crafting_shaped",
  "pattern": [
    "WBW"
  ],
  "key": {
    "W": "minecraft:wheat",
    "B": "minecraft:sweet_berries"
  },
  "result": {
    "id": "minecraft:cookie",
    "components": {
      "minecraft:item_name": "{ 'translate': 'item.jmmf.sweet_berry_cookie', 'italic': false }",
      "minecraft:item_model": "jmmf:cookie/sweet_berry_cookie",
      "minecraft:custom_data": {
        "smithed": {
          "id": "jmmf:sweet_berry_cookie"
        },
        "joshmats": {
          "tag": ["cookie"]
        }
      }
    },
    "count": 8
  }
}