[
  {
      "function": "minecraft:set_components",
      "components": {
          "minecraft:item_name": "{'translate': 'item.jmmf.rotten_stew', 'italic': false }",
          "minecraft:item_model": "jmmf:soup/rotten_stew",
          "minecraft:use_remainder": {
            "id": "minecraft:bowl"
          }
      }
  },
  { "function": "set_lore", "mode": "replace_all", "lore": [{ "italic": false, "translate": "item.jmmf.rotten_stew.lore", "color":"gray" }] },
  { "function": "set_custom_data", "tag": "{'smithed':{'id':'jmmf:rotten_stew'}}" }
]