{
  "type": "minecraft:crafting_shaped",
  "pattern": [
    "WWW",
    "W W",
    "WWW"
  ],
  "key": {
    "W": "minecraft:wheat"
  },
  "result": {
    "id": "minecraft:bread",
    "components": {
      "minecraft:item_name": "{ 'translate': 'item.jmmf.bagel', 'italic': false }",
      "minecraft:item_model": "jmmf:bread/bagel",
      "minecraft:custom_data": {
        "smithed": {
          "id": "jmmf:bagel"
        }
      },
      "minecraft:food": {
        "nutrition": 7,
        "saturation": 8
      }
    },
    "count": 2
  }
}