{
  "type": "minecraft:crafting_shaped",
  "pattern": [
    "WBW"
  ],
  "key": {
    "W": "minecraft:wheat",
    "B": "minecraft:beetroot"
  },
  "result": {
    "id": "minecraft:bread",
    "components": {
      "minecraft:item_name": "{ 'translate': 'item.jmmf.beetroot_bread', 'italic': false }",
      "minecraft:item_model": "jmmf:bread/beetroot_bread",
      "minecraft:custom_data": {
        "smithed": {
          "id": "jmmf:beetroot_bread"
        }
      }
    }
  }
}