{
  "type": "crafting_shapeless",
  "ingredients": [
    "minecraft:bowl",
    "minecraft:carrot",
    "minecraft:milk_bucket",
    "#minecraft:leaves"
  ],
  "result": {
    "id": "minecraft:beetroot_soup",
    "components": {
      "minecraft:item_name": "{ 'translate': 'item.jmmf.coleslaw', 'italic': false }",
      "minecraft:item_model": "jmmf:salad/coleslaw",
      "minecraft:custom_data": {
        "smithed": {
          "id": "jmmf:coleslaw"
        }
      },
      "minecraft:max_stack_size": 16
    }
  }
}