{
  "type": "crafting_shapeless",
  "ingredients": [
    "minecraft:bowl",
    [
      "minecraft:carrot",
      "minecraft:potato",
      "minecraft:beetroot"
    ],
    [
      "minecraft:carrot",
      "minecraft:potato",
      "minecraft:beetroot"
    ],
    "#minecraft:leaves"
  ],
  "result": {
    "id": "minecraft:beetroot_soup",
    "components": {
      "minecraft:item_name": "{ 'translate': 'item.jmmf.vegetable_salad', 'italic': false }",
      "minecraft:item_model": "jmmf:salad/vegetable_salad",
      "minecraft:custom_data": {
        "smithed": {
          "id": "jmmf:vegetable_salad"
        }
      },
      "minecraft:food": {
        "nutrition": 7,
        "saturation": 10
      },
      "minecraft:max_stack_size": 16
    }
  }
}