{
    "pools": [
        {
            "rolls": 1,
            "entries": [
                {
                    "type": "item",
                    "name": "minecraft:beetroot_soup",
                    "functions": [
                        {
                            "function": "minecraft:set_components",
                            "components": {
                                "minecraft:item_name": "{ 'translate': 'item.jmmf.coleslaw', 'italic': false }",
                                "minecraft:item_model": "jmmf:salad/coleslaw",
                                "minecraft:custom_data": {
                                    "smithed": {
                                        "id": "jmmf:coleslaw"
                                    }
                                },
                                "minecraft:food": {
                                    "nutrition": 6,
                                    "saturation": 8
                                },
                                "minecraft:max_stack_size": 16
                            }
                        }
                    ]
                }
            ]
        }
    ]
}
