{
    "pools": [
        {
            "rolls": 1,
            "entries": [
                {
                    "type": "item",
                    "name": "minecraft:beetroot_soup",
                    "functions": [
                        {
                            "function": "minecraft:set_components",
                            "components": {
                                "minecraft:item_name": "{ 'translate': 'item.jmmf.fleshy_salad', 'italic': false }",
                                "minecraft:item_model": "jmmf:salad/fleshy_salad",
                                "minecraft:custom_data": {
                                    "smithed": {
                                        "id": "jmmf:fleshy_salad"
                                    }
                                },
                                "minecraft:food": {
                                    "nutrition": 6,
                                    "saturation": 5
                                },
                                "minecraft:consumable": {
                                    "on_consume_effects": [
                                        {
                                            "type": "apply_effects",
                                            "effects": [
                                            {
                                                "id": "minecraft:hunger",
                                                "duration": 200
                                            }
                                            ],
                                            "probability": 0.5
                                        },
                                        {
                                            "type": "apply_effects",
                                            "effects": [
                                            {
                                                "id": "minecraft:poison",
                                                "duration": 40
                                            }
                                            ],
                                            "probability": 0.1
                                        }
                                    ]
                                },
                                "minecraft:max_stack_size": 16
                            }
                        }
                    ]
                }
            ]
        }
    ]
}
