{
  "type": "minecraft:crafting_shapeless",
  "ingredients": [
    "minecraft:bowl",
    "minecraft:snowball",
    "minecraft:snowball",
    "minecraft:apple",
    "minecraft:milk_bucket"
  ],
  "result": {
    "id": "minecraft:suspicious_stew",
    "components": {
      "minecraft:item_name": "{ 'translate': 'item.jmmf.apple_ice_cream', 'italic': false }",
      "minecraft:item_model": "jmmf:ice_cream/apple_ice_cream",
      "minecraft:custom_data": {
        "smithed": {
          "id": "jmmf:apple_ice_cream"
        },
        "joshmats": {
          "tag": ["ice_cream"]
        }
      },
      "minecraft:food": {
        "nutrition": 6,
        "saturation": 6
      },
      "minecraft:consumable": {
        "on_consume_effects": [
          {
            "type": "apply_effects",
            "effects": [
              {
                "id": "minecraft:slowness",
                "duration": 1200
              },
              {
                "id": "minecraft:weakness",
                "duration": 1200
              }
            ]
          }
        ]
      },
      "minecraft:max_stack_size": 16
    }
  }
}