{
  "type": "minecraft:crafting_shaped",
  "pattern": [
    "D",
    "S"
  ],
  "key": {
    "D": "minecraft:diamond",
    "S": "minecraft:stick"
  },
  "result": {
    "id": "minecraft:diamond_sword",
    "components": {
      "minecraft:item_name": "{ 'translate': 'item.jmmf.diamond_knife', 'italic': false }",
      "minecraft:item_model": "jmmf:knife/diamond_knife",
      "minecraft:custom_data": {
        "smithed": {
          "id": "jmmf:diamond_knife"
        },
        "joshmats": {
          "tag": ["knife"]
        }
      },
      "minecraft:lore": [
        "{'text': ''}",
        "{'translate': 'item.modifiers.mainhand', 'color': 'gray', 'italic': false}", 
        "{'translate': 'item.jmmf.diamond_knife.lore.attack_damage', 'color': 'dark_green', 'italic': false}", 
        "{'translate': 'item.jmmf.diamond_knife.lore.attack_speed', 'color': 'dark_green',  'italic': false}"
      ],
      "minecraft:attribute_modifiers": {
        "modifiers": [
          {
            "type": "minecraft:attack_damage",
            "slot": "mainhand",
            "id": "jmmf:diamond_knife.attack_damage",
            "amount": 4,
            "operation": "add_value"
          },
          {
            "type": "minecraft:attack_speed",
            "slot": "mainhand",
            "id": "jmmf:diamond_knife.attack_speed",
            "amount": -2,
            "operation": "add_value"
          }
        ],
        "show_in_tooltip": false
      }
    }
  }
}