{
  "type": "minecraft:crafting_shaped",
  "pattern": [
    "W",
    "S"
  ],
  "key": {
    "W": "#minecraft:planks",
    "S": "minecraft:stick"
  },
  "result": {
    "id": "minecraft:wooden_sword",
    "components": {
      "minecraft:item_name": "{ 'translate': 'item.jmmf.wooden_knife', 'italic': false }",
      "minecraft:item_model": "jmmf:knife/wooden_knife",
      "minecraft:custom_data": {
        "smithed": {
          "id": "jmmf:wooden_knife"
        },
        "joshmats": {
          "tag": ["knife"]
        }
      },
      "minecraft:lore": [
        "{'text': ''}",
        "{'translate': 'item.modifiers.mainhand', 'color': 'gray', 'italic': false}", 
        "{'translate': 'item.jmmf.wooden_knife.lore.attack_damage', 'color': 'dark_green', 'italic': false}", 
        "{'translate': 'item.jmmf.wooden_knife.lore.attack_speed', 'color': 'dark_green',  'italic': false}"
      ],
      "minecraft:attribute_modifiers": {
        "modifiers": [
          {
            "type": "minecraft:attack_damage",
            "slot": "mainhand",
            "id": "jmmf:wooden_knife.attack_damage",
            "amount": 1.5,
            "operation": "add_value"
          },
          {
            "type": "minecraft:attack_speed",
            "slot": "mainhand",
            "id": "jmmf:wooden_knife.attack_speed",
            "amount": -2,
            "operation": "add_value"
          }
        ],
        "show_in_tooltip": false
      }
      
    }
  }
}