{
    "pools": [
        {
            "rolls": 1,
            "entries": [
                {
                    "type": "item",
                    "name": "minecraft:rabbit_stew",
                    "functions": [
                        {
                            "function": "minecraft:set_components",
                            "components": {
                                "minecraft:item_name": "{ 'translate': 'item.jmmf.fish_and_chips', 'italic': false }",
                                "minecraft:item_model": "jmmf:fish_and_chips",
                                "minecraft:custom_data": {
                                    "smithed": {
                                    "id": "jmmf:fish_and_chips"
                                    }
                                },
                                "minecraft:food": {
                                    "nutrition": 7,
                                    "saturation": 10
                                },
                                "minecraft:max_stack_size": 16
                            }
                        }
                    ]
                }
            ]
        }
    ]
}
