{
    "pools": [
        {
            "rolls": 1,
            "entries": [
                {
                    "type": "item",
                    "name": "minecraft:structure_block",
                    "functions": [
                        {
                            "function": "minecraft:set_components",
                            "components": {
                                "minecraft:item_name": "{ 'translate': 'item.jmmf.teacup', 'italic': false }",
                                "minecraft:rarity": "common",
                                "minecraft:item_model": "jmmf:teacup",
                                "minecraft:custom_data": {
                                    "smithed": {
                                        "id": "jmmf:teacup"
                                    }
                                }
                            }
                        }
                    ]
                }
            ]
        }
    ]
}
