{
    "pools": [
        {
            "rolls": 1,
            "entries": [
                {
                    "type": "item",
                    "name": "minecraft:stone_sword",
                    "functions": [
                        {
                            "function": "minecraft:set_components",
                            "components": {
                                "minecraft:item_name": "{ 'translate': 'item.jmmf.stone_knife', 'italic': false }",
                                "minecraft:item_model": "jmmf:knife/stone_knife",
                                "minecraft:custom_data": {
                                    "smithed": {
                                        "id": "jmmf:stone_knife"
                                    },
                                    "joshmats": {
                                        "tag": ["knife"]
                                    }
                                },
                                "minecraft:lore": [
                                    "{'text': ''}",
                                    "{'translate': 'item.modifiers.mainhand', 'color': 'gray', 'italic': false}", 
                                    "{'translate': 'item.jmmf.stone_knife.lore.attack_damage', 'color': 'dark_green', 'italic': false}", 
                                    "{'translate': 'item.jmmf.stone_knife.lore.attack_speed', 'color': 'dark_green',  'italic': false}"
                                ],
                                "minecraft:attribute_modifiers": {
                                    "modifiers": [
                                        {
                                            "type": "minecraft:attack_damage",
                                            "slot": "mainhand",
                                            "id": "jmmf:stone_knife.attack_damage",
                                            "amount": 2.5,
                                            "operation": "add_value"
                                        },
                                        {
                                            "type": "minecraft:attack_speed",
                                            "slot": "mainhand",
                                            "id": "jmmf:stone_knife.attack_speed",
                                            "amount": -2,
                                            "operation": "add_value"
                                        }
                                    ],
                                    "show_in_tooltip": false
                                }
                            }
                        }
                    ]
                }
            ]
        }
    ]
}
