{
    "type": "crafting_shaped",
    "pattern": [
      "LBL",
      " S ",
      " C "
    ],
    "key": {      
      "B": "minecraft:bucket",
      "L": "minecraft:leather",
      "S": "minecraft:smoker",
      "C": "minecraft:campfire"
    },
    "result": {
      "id": "minecraft:furnace",
      "components": {
        "minecraft:item_name": "{ 'translate': 'block.jmmf.cooking_station', 'italic': false }",
        "minecraft:item_model": "jmmf:block/cooking_station",
        "minecraft:custom_data": {
          "smithed": {
            "id": "jmmf:cooking_station"
          }
        },
        "minecraft:container": [
        {
          "slot": 0,
          "item": {
            "id": "minecraft:stone",
            "components": {
              "minecraft:custom_data": {
                "joshmats": {
                  "block": {
                    "id": "jmmf:cooking_station"
                  }
                }
              }
            }
          }
        }
      ]
      }
    }
  }