{
  "type": "crafting_shapeless",
  "ingredients": [
    "minecraft:bowl",
    "minecraft:bowl",
    "minecraft:baked_potato",
    "minecraft:cooked_cod"
  ],
  "result": {
    "id": "minecraft:rabbit_stew",
    "components": {
      "minecraft:item_name": "{ 'translate': 'item.jmmf.fish_and_chips', 'italic': false }",
      "minecraft:item_model": "jmmf:fish_and_chips",
      "minecraft:custom_data": {
        "smithed": {
          "id": "jmmf:fish_and_chips"
        }
      },
      "minecraft:food": {
        "nutrition": 7,
        "saturation": 10
      },
      "minecraft:max_stack_size": 16
    },
    "count": 2
  }
}